,loss,accuracy,mean_absolute_error,Pearson,KendallTau
0,"1,6743","0,2527","0,4865","0,9267","0,0569"
1,"1,5311","0,331","0,4617","0,8151","0,1493"
2,"1,4496","0,3717","0,4474","0,7579","0,1957"
3,"1,3907","0,4008","0,4368","0,7225","0,2241"
4,"1,3419","0,4234","0,4276","0,6956","0,2453"
5,"1,3027","0,4413","0,4201","0,6761","0,2605"
6,"1,2687","0,4566","0,4133","0,6599","0,2731"
7,"1,2392","0,4733","0,407","0,6459","0,2839"
8,"1,2129","0,4865","0,4015","0,6335","0,2933"
9,"1,1887","0,4981","0,396","0,6216","0,3025"
10,"1,1668","0,5097","0,3911","0,611","0,3104"
11,"1,1474","0,5201","0,3865","0,6013","0,3173"
12,"1,1287","0,5322","0,3821","0,5919","0,3242"
13,"1,112","0,542","0,378","0,5833","0,3303"
14,"1,0957","0,5524","0,3739","0,5751","0,3359"
15,"1,0809","0,5608","0,3702","0,5675","0,341"
16,"1,0662","0,5714","0,3664","0,5599","0,346"
17,"1,0523","0,58","0,3628","0,5533","0,3506"
18,"1,0392","0,5893","0,3593","0,5464","0,3551"
19,"1,0267","0,5981","0,3559","0,5402","0,3591"
20,"1,0151","0,6058","0,3526","0,5347","0,3625"
21,"1,0031","0,6128","0,3493","0,529","0,3663"
22,"0,9919","0,6208","0,346","0,5233","0,3698"
23,"0,9814","0,6272","0,3431","0,5187","0,3726"
24,"0,9706","0,6344","0,3399","0,5134","0,3757"
25,"0,9608","0,6419","0,3371","0,5092","0,3781"
26,"0,9505","0,6486","0,3339","0,5042","0,3811"
27,"0,9412","0,655","0,3312","0,5001","0,3834"
28,"0,9314","0,6615","0,3283","0,4957","0,3857"
29,"0,9225","0,6665","0,3255","0,4915","0,3881"
30,"0,9136","0,6711","0,3228","0,4881","0,3899"
31,"0,9049","0,6768","0,3201","0,4842","0,392"
32,"0,8959","0,6827","0,3173","0,4802","0,3941"
33,"0,8877","0,6871","0,3146","0,4766","0,396"
34,"0,8798","0,6912","0,3122","0,4735","0,3974"
35,"0,8715","0,6963","0,3096","0,4702","0,399"
36,"0,8639","0,7008","0,3072","0,4669","0,4006"
37,"0,8561","0,7058","0,3046","0,4637","0,4023"
38,"0,8486","0,7098","0,3022","0,4609","0,4035"
39,"0,8408","0,714","0,2996","0,4578","0,4049"
40,"0,8338","0,7177","0,2974","0,4549","0,4063"
41,"0,8265","0,7208","0,2951","0,4524","0,4072"
42,"0,8194","0,7246","0,2928","0,4496","0,4083"
43,"0,8124","0,7286","0,2904","0,4468","0,4097"
44,"0,8052","0,7318","0,2881","0,4443","0,4106"
45,"0,7989","0,7343","0,286","0,4421","0,4114"
46,"0,7921","0,7377","0,2838","0,4396","0,4123"
47,"0,7854","0,7398","0,2816","0,4372","0,4132"
48,"0,7789","0,7428","0,2794","0,4349","0,4141"
49,"0,7727","0,7452","0,2773","0,4326","0,415"
50,"0,7662","0,7474","0,2752","0,4305","0,4157"
51,"0,7597","0,7504","0,273","0,428","0,4167"
52,"0,7538","0,7521","0,271","0,4263","0,4172"
53,"0,7478","0,754","0,2691","0,4242","0,4179"
54,"0,7416","0,7562","0,2669","0,4221","0,4187"
55,"0,7355","0,759","0,2648","0,42","0,4194"
56,"0,7299","0,7604","0,2629","0,4182","0,4198"
57,"0,7241","0,7622","0,261","0,4162","0,4205"
58,"0,7186","0,7633","0,2591","0,4145","0,421"
59,"0,7125","0,7649","0,257","0,4125","0,4215"
60,"0,7073","0,7668","0,2553","0,4109","0,422"
61,"0,7016","0,768","0,2533","0,4089","0,4225"
62,"0,6962","0,7697","0,2514","0,4072","0,4232"
63,"0,6909","0,7707","0,2496","0,4057","0,4234"
64,"0,6854","0,7719","0,2477","0,4037","0,424"
65,"0,6801","0,7737","0,2459","0,4022","0,4244"
66,"0,6751","0,7743","0,2441","0,4005","0,4249"
67,"0,67","0,7755","0,2424","0,3993","0,4251"
68,"0,6649","0,7769","0,2407","0,3978","0,4256"
69,"0,6597","0,7787","0,2389","0,3961","0,4259"
70,"0,6548","0,7807","0,2371","0,3944","0,4265"
71,"0,6517","0,7814","0,2356","0,3938","0,4265"
72,"0,6451","0,7826","0,2338","0,392","0,4269"
73,"0,6404","0,7836","0,2321","0,3905","0,4274"
74,"0,6358","0,7844","0,2305","0,3889","0,4277"
75,"0,6309","0,7859","0,2288","0,3877","0,4281"
76,"0,6264","0,7869","0,2273","0,3863","0,4283"
77,"0,6219","0,7873","0,2257","0,3851","0,4285"
78,"0,6174","0,7889","0,2241","0,3836","0,4289"
79,"0,6129","0,79","0,2225","0,3824","0,4291"
80,"0,6085","0,791","0,221","0,3811","0,4297"
81,"0,6043","0,7914","0,2195","0,38","0,4297"
82,"0,6","0,793","0,218","0,3788","0,43"
83,"0,5957","0,7937","0,2165","0,3775","0,4302"
84,"0,5917","0,7941","0,2151","0,3765","0,4304"
85,"0,5876","0,7952","0,2137","0,3755","0,4306"
86,"0,5834","0,7958","0,2122","0,3742","0,4309"
87,"0,5793","0,7969","0,2108","0,3729","0,4311"
88,"0,5753","0,7972","0,2094","0,3721","0,431"
89,"0,5715","0,7981","0,208","0,3708","0,4317"
90,"0,5674","0,7984","0,2066","0,3697","0,4318"
91,"0,5637","0,799","0,2054","0,3689","0,4318"
92,"0,5599","0,7994","0,2039","0,3679","0,4322"
93,"0,5559","0,8002","0,2025","0,3664","0,4325"
94,"0,5526","0,8002","0,2014","0,3659","0,4325"
95,"0,5488","0,8008","0,2001","0,3648","0,4326"
96,"0,5452","0,8011","0,1988","0,3642","0,4326"
97,"0,5418","0,8014","0,1976","0,363","0,4329"
98,"0,5382","0,8021","0,1963","0,362","0,4331"
99,"0,5348","0,802","0,1952","0,3613","0,4331"
100,"0,5313","0,8027","0,194","0,3603","0,4333"
101,"0,5281","0,8026","0,1929","0,3596","0,4333"
102,"0,5246","0,8036","0,1916","0,3587","0,4335"
103,"0,5212","0,804","0,1905","0,3578","0,4337"
104,"0,5179","0,8047","0,1893","0,3568","0,434"
105,"0,515","0,8047","0,1883","0,3561","0,434"
106,"0,5118","0,8045","0,1872","0,3556","0,434"
107,"0,5086","0,8059","0,1861","0,3544","0,4342"
108,"0,5053","0,8065","0,1849","0,3536","0,4345"
109,"0,5024","0,806","0,1839","0,353","0,4344"
110,"0,4992","0,8063","0,1828","0,3521","0,4345"
111,"0,4964","0,8077","0,1818","0,3512","0,4349"
112,"0,4935","0,807","0,1808","0,3509","0,4346"
113,"0,4906","0,8074","0,1799","0,35","0,4347"
114,"0,4875","0,8078","0,1787","0,349","0,4351"
115,"0,4846","0,808","0,1777","0,3485","0,4351"
116,"0,4819","0,8083","0,1768","0,348","0,4351"
117,"0,4793","0,8083","0,1759","0,3474","0,435"
118,"0,4766","0,8086","0,175","0,3468","0,4351"
119,"0,4737","0,8089","0,174","0,346","0,4353"
120,"0,4711","0,8095","0,173","0,3451","0,4355"
121,"0,4683","0,8097","0,1721","0,3447","0,4355"
122,"0,4655","0,8106","0,171","0,3437","0,4359"
123,"0,4632","0,811","0,1703","0,3434","0,4358"
124,"0,4607","0,8111","0,1694","0,3427","0,4358"
125,"0,4581","0,8115","0,1684","0,342","0,4361"
126,"0,4554","0,8116","0,1675","0,3414","0,4361"
127,"0,4533","0,8113","0,1668","0,3408","0,4361"
128,"0,4508","0,812","0,1659","0,3401","0,4363"
129,"0,4484","0,8118","0,1651","0,3396","0,4363"
130,"0,4459","0,8121","0,1642","0,3391","0,4363"
131,"0,4438","0,8124","0,1635","0,3386","0,4364"
132,"0,4413","0,8125","0,1626","0,3378","0,4365"
133,"0,4388","0,8133","0,1617","0,3371","0,4367"
134,"0,4368","0,813","0,1611","0,3369","0,4365"
135,"0,4344","0,8135","0,1602","0,3362","0,4366"
136,"0,4322","0,8136","0,1595","0,3356","0,4367"
137,"0,4301","0,8135","0,1587","0,335","0,4368"
138,"0,4281","0,8139","0,1581","0,3348","0,4367"
139,"0,4258","0,8139","0,1573","0,3344","0,4367"
140,"0,4239","0,814","0,1567","0,3339","0,4368"
141,"0,4215","0,8144","0,1558","0,333","0,437"
142,"0,42","0,8141","0,1552","0,3328","0,4369"
143,"0,4175","0,8139","0,1545","0,3325","0,4368"
144,"0,4154","0,8141","0,1537","0,3318","0,437"
145,"0,4135","0,8142","0,1531","0,3312","0,4371"
146,"0,4114","0,8145","0,1523","0,3309","0,4371"
147,"0,4095","0,8142","0,1517","0,3304","0,437"
148,"0,4077","0,8138","0,1511","0,3301","0,4369"
149,"0,4056","0,8145","0,1503","0,3293","0,4372"
150,"0,4038","0,8143","0,1498","0,329","0,4371"
151,"0,4019","0,8148","0,1491","0,3285","0,4373"
152,"0,4002","0,8148","0,1485","0,3282","0,4372"
153,"0,3983","0,8148","0,1479","0,3278","0,4371"
154,"0,3965","0,8149","0,1473","0,3272","0,4372"
155,"0,3948","0,8148","0,1467","0,327","0,4372"
156,"0,393","0,8153","0,1461","0,3267","0,4372"
157,"0,3911","0,8151","0,1454","0,3261","0,4372"
158,"0,3896","0,8151","0,1449","0,3257","0,4372"
159,"0,3879","0,8149","0,1444","0,3254","0,437"
160,"0,3859","0,8155","0,1436","0,3247","0,4374"
161,"0,3843","0,8155","0,1431","0,3244","0,4372"
162,"0,3829","0,815","0,1427","0,3243","0,4371"
163,"0,381","0,8154","0,142","0,3239","0,4373"
164,"0,3794","0,8158","0,1414","0,3233","0,4373"
165,"0,378","0,8157","0,141","0,3231","0,4372"
166,"0,3765","0,8157","0,1405","0,3227","0,4372"
167,"0,375","0,8153","0,14","0,3228","0,437"
168,"0,3735","0,8156","0,1395","0,3222","0,4371"
169,"0,3719","0,8157","0,1389","0,3218","0,4372"
170,"0,3708","0,8156","0,1386","0,3217","0,437"
171,"0,3693","0,8156","0,1381","0,3212","0,437"
172,"0,3679","0,8151","0,1376","0,3211","0,4369"
173,"0,3664","0,8155","0,1372","0,3208","0,4369"
174,"0,3651","0,8157","0,1367","0,3205","0,4369"
175,"0,3636","0,816","0,1362","0,32","0,437"
176,"0,3625","0,8155","0,1358","0,3198","0,4369"
177,"0,3614","0,8153","0,1355","0,32","0,4367"
178,"0,3599","0,8162","0,135","0,3193","0,4368"
179,"0,3583","0,8165","0,1344","0,3191","0,4369"
180,"0,3573","0,8157","0,1342","0,319","0,4367"
181,"0,3559","0,816","0,1337","0,3186","0,4367"
182,"0,3546","0,8159","0,1332","0,3182","0,4367"
183,"0,3537","0,8154","0,133","0,3183","0,4365"
184,"0,3526","0,8158","0,1326","0,3179","0,4364"
185,"0,3511","0,8157","0,1321","0,3174","0,4366"
186,"0,3498","0,8155","0,1317","0,3174","0,4364"
187,"0,3488","0,8153","0,1314","0,3174","0,4363"
188,"0,3478","0,8151","0,1311","0,3172","0,4362"
189,"0,3466","0,8148","0,1307","0,317","0,4361"
190,"0,3454","0,8148","0,1303","0,3167","0,4361"
191,"0,3441","0,8148","0,1299","0,3162","0,4362"
192,"0,3432","0,8145","0,1296","0,3164","0,436"
193,"0,3417","0,8145","0,1291","0,3158","0,4362"
194,"0,3409","0,8148","0,1289","0,3159","0,436"
195,"0,3401","0,8142","0,1287","0,3157","0,4359"
196,"0,3387","0,8145","0,1281","0,3154","0,436"
197,"0,3377","0,8144","0,1278","0,3154","0,4359"
198,"0,3371","0,8144","0,1277","0,3151","0,4358"
199,"0,3358","0,8147","0,1272","0,3148","0,4358"
200,"0,3349","0,8146","0,127","0,3147","0,4358"
201,"0,3341","0,8146","0,1267","0,3147","0,4356"
202,"0,3333","0,8147","0,1265","0,3145","0,4355"
203,"0,3323","0,8146","0,1261","0,3143","0,4356"
204,"0,3309","0,8153","0,1256","0,314","0,4356"
205,"0,3305","0,8145","0,1256","0,3142","0,4353"
206,"0,3295","0,8146","0,1253","0,3138","0,4354"
207,"0,3286","0,8146","0,125","0,3136","0,4353"
208,"0,3278","0,8146","0,1247","0,3135","0,4353"
209,"0,3273","0,8143","0,1246","0,3136","0,4351"
210,"0,3262","0,8142","0,1243","0,3135","0,4351"
211,"0,3257","0,814","0,1241","0,3134","0,435"
212,"0,3247","0,8144","0,1237","0,3129","0,4352"
213,"0,324","0,814","0,1235","0,3129","0,4351"
214,"0,3232","0,8138","0,1233","0,3131","0,4348"
215,"0,3223","0,814","0,123","0,3128","0,4349"
216,"0,3216","0,8141","0,1227","0,3123","0,4349"
217,"0,3209","0,8139","0,1226","0,3125","0,4348"
218,"0,3202","0,8139","0,1223","0,3123","0,4347"
219,"0,3196","0,8138","0,1222","0,3124","0,4346"
220,"0,3186","0,8137","0,1218","0,3119","0,4346"
221,"0,3181","0,814","0,1217","0,3119","0,4346"
222,"0,3172","0,814","0,1213","0,3117","0,4347"
223,"0,3167","0,8137","0,1212","0,3118","0,4345"
224,"0,316","0,8138","0,121","0,3118","0,4344"
225,"0,3155","0,8136","0,1209","0,3115","0,4343"
226,"0,3148","0,8137","0,1207","0,3115","0,4343"
227,"0,3141","0,8138","0,1205","0,3115","0,4342"
228,"0,3132","0,8138","0,1201","0,3111","0,4342"
229,"0,3129","0,8137","0,1201","0,311","0,4341"
230,"0,3124","0,8133","0,12","0,3112","0,4339"
231,"0,3113","0,8137","0,1195","0,3108","0,4342"
232,"0,3109","0,8136","0,1194","0,3107","0,434"
233,"0,3107","0,8129","0,1194","0,3109","0,4338"
234,"0,3096","0,8132","0,119","0,3107","0,434"
235,"0,3091","0,8132","0,1189","0,3104","0,4339"
236,"0,3086","0,813","0,1187","0,3104","0,4338"
237,"0,3083","0,8132","0,1186","0,3103","0,4338"
238,"0,3081","0,813","0,1186","0,3107","0,4336"
239,"0,3076","0,8133","0,1185","0,3104","0,4337"
240,"0,307","0,8135","0,1182","0,3101","0,4338"
241,"0,3069","0,8132","0,1183","0,3103","0,4337"
242,"0,3064","0,813","0,118","0,3099","0,4337"
243,"0,3057","0,8123","0,1178","0,3098","0,4337"
244,"0,3051","0,8123","0,1176","0,3096","0,4336"
245,"0,3043","0,8131","0,1173","0,3094","0,4335"
246,"0,3035","0,813","0,117","0,3091","0,4336"
247,"0,3033","0,8128","0,1169","0,309","0,4335"
248,"0,303","0,8124","0,1169","0,3093","0,4334"
249,"0,3024","0,813","0,1167","0,3089","0,4335"
250,"0,3017","0,8133","0,1164","0,3089","0,4335"
251,"0,3016","0,8126","0,1164","0,309","0,4334"
252,"0,301","0,8129","0,1162","0,3088","0,4335"
253,"0,3007","0,8129","0,1161","0,3086","0,4335"
254,"0,3007","0,8124","0,1162","0,309","0,4333"
255,"0,3003","0,8126","0,1161","0,3087","0,4333"
256,"0,2997","0,813","0,1158","0,3084","0,4336"
257,"0,2994","0,8129","0,1157","0,3087","0,4335"
258,"0,2993","0,813","0,1158","0,3089","0,4334"
259,"0,2992","0,8127","0,1158","0,3087","0,4334"
260,"0,299","0,8125","0,1157","0,3088","0,4334"
261,"0,2987","0,8126","0,1156","0,3087","0,4335"
262,"0,2983","0,813","0,1154","0,3084","0,4337"
263,"0,2984","0,8123","0,1155","0,3087","0,4336"
264,"0,2977","0,8129","0,1152","0,3083","0,4338"
265,"0,2977","0,813","0,1153","0,3084","0,4337"
266,"0,2978","0,8124","0,1153","0,3084","0,4336"
267,"0,2967","0,8129","0,1149","0,3082","0,4338"
268,"0,296","0,8126","0,1147","0,3083","0,4336"
269,"0,2957","0,8124","0,1146","0,3081","0,4335"
270,"0,2947","0,8131","0,1142","0,3077","0,4335"
271,"0,2942","0,8125","0,1141","0,3077","0,4334"
272,"0,2939","0,8124","0,114","0,3078","0,4333"
273,"0,2935","0,8123","0,1139","0,3077","0,4332"
274,"0,2931","0,8124","0,1138","0,3076","0,4332"
275,"0,2923","0,8129","0,1135","0,3074","0,4332"
276,"0,2925","0,8126","0,1136","0,3076","0,433"
277,"0,2919","0,8126","0,1134","0,3072","0,4331"
278,"0,2917","0,8127","0,1134","0,3073","0,433"
279,"0,2914","0,8129","0,1133","0,3072","0,4329"
280,"0,2913","0,8127","0,1133","0,3073","0,4328"
281,"0,2907","0,8127","0,1131","0,3073","0,4328"
282,"0,2907","0,8128","0,1131","0,3074","0,4328"
283,"0,2902","0,8131","0,1129","0,307","0,4329"
284,"0,29","0,8126","0,1128","0,3071","0,4328"
285,"0,2898","0,8126","0,1128","0,3074","0,4325"
286,"0,2894","0,8129","0,1127","0,3072","0,4327"
287,"0,2891","0,813","0,1126","0,3069","0,4327"
288,"0,2889","0,8129","0,1126","0,3072","0,4326"
289,"0,2887","0,8129","0,1125","0,3071","0,4325"
290,"0,2885","0,8126","0,1125","0,3072","0,4324"
291,"0,2881","0,8129","0,1123","0,3068","0,4325"
292,"0,288","0,8129","0,1123","0,3068","0,4325"
293,"0,2875","0,8133","0,1121","0,3067","0,4326"
294,"0,2874","0,8128","0,1121","0,3069","0,4324"
295,"0,2873","0,813","0,1121","0,307","0,4323"
296,"0,2872","0,8128","0,1121","0,3068","0,4322"
297,"0,2869","0,8125","0,112","0,3069","0,4322"
298,"0,2867","0,813","0,1119","0,307","0,4322"
299,"0,2862","0,813","0,1118","0,3067","0,4323"
300,"0,2863","0,8132","0,1118","0,3067","0,4322"
301,"0,2863","0,8124","0,1119","0,3069","0,432"
302,"0,2855","0,8128","0,1116","0,3066","0,4323"
303,"0,2856","0,8124","0,1116","0,3066","0,4322"
304,"0,2858","0,8123","0,1117","0,3069","0,4321"
305,"0,285","0,8128","0,1114","0,3068","0,4323"
306,"0,2849","0,8132","0,1114","0,3066","0,4323"
307,"0,2848","0,8125","0,1114","0,3067","0,4323"
308,"0,2849","0,8128","0,1114","0,3068","0,4324"
309,"0,285","0,8126","0,1115","0,3073","0,4322"
310,"0,2848","0,8127","0,1115","0,307","0,4324"
311,"0,2845","0,8124","0,1113","0,3069","0,4327"
312,"0,2848","0,813","0,1115","0,307","0,4326"
313,"0,2847","0,8134","0,1114","0,3069","0,4327"
314,"0,2846","0,8136","0,1114","0,3071","0,4327"
315,"0,2844","0,813","0,1114","0,3072","0,4326"
316,"0,2839","0,8131","0,1112","0,307","0,4326"
317,"0,2834","0,8127","0,111","0,3067","0,4327"
318,"0,2832","0,8129","0,111","0,3065","0,4326"
319,"0,283","0,8124","0,1109","0,3069","0,4323"
320,"0,2825","0,8129","0,1108","0,3064","0,4323"
321,"0,282","0,8133","0,1106","0,3065","0,4324"
322,"0,2821","0,8124","0,1107","0,3066","0,4323"
323,"0,2817","0,8128","0,1105","0,3065","0,4323"
324,"0,2815","0,8133","0,1104","0,3062","0,4325"
325,"0,2818","0,8123","0,1106","0,3066","0,4322"
326,"0,2815","0,8125","0,1105","0,3063","0,4322"
327,"0,281","0,8128","0,1103","0,3061","0,4325"
328,"0,2808","0,8128","0,1102","0,3063","0,4323"
329,"0,2808","0,8128","0,1103","0,3065","0,4321"
330,"0,2808","0,8128","0,1103","0,3063","0,4321"
331,"0,2807","0,8128","0,1103","0,3064","0,4321"
332,"0,2805","0,813","0,1102","0,3063","0,4321"
333,"0,2799","0,8133","0,11","0,3059","0,4323"
334,"0,2801","0,813","0,1101","0,3062","0,4321"
335,"0,2795","0,8132","0,1098","0,306","0,4323"
336,"0,2796","0,8128","0,1099","0,3061","0,4321"
337,"0,2798","0,8126","0,11","0,3061","0,4321"
338,"0,279","0,813","0,1097","0,306","0,4323"
339,"0,279","0,8131","0,1097","0,3061","0,4322"
340,"0,2792","0,8126","0,1098","0,306","0,4322"
341,"0,2787","0,8132","0,1096","0,3059","0,4323"
342,"0,2786","0,8128","0,1096","0,3059","0,4323"
343,"0,2787","0,8131","0,1097","0,3061","0,4322"
344,"0,2787","0,8131","0,1097","0,3061","0,4322"
345,"0,2785","0,813","0,1096","0,306","0,4323"
346,"0,278","0,8135","0,1094","0,306","0,4324"
347,"0,2783","0,8131","0,1096","0,3062","0,4324"
348,"0,278","0,8132","0,1095","0,3059","0,4326"
349,"0,278","0,8131","0,1095","0,3059","0,4327"
350,"0,2779","0,8134","0,1094","0,3058","0,4328"
351,"0,2779","0,8139","0,1094","0,3059","0,433"
352,"0,2775","0,814","0,1093","0,306","0,4329"
353,"0,2778","0,8144","0,1094","0,3061","0,4329"
354,"0,2774","0,8142","0,1093","0,3058","0,4332"
355,"0,2773","0,8138","0,1093","0,3058","0,4332"
356,"0,2775","0,8137","0,1094","0,3062","0,4331"
357,"0,2771","0,8139","0,1092","0,3059","0,4332"
358,"0,2769","0,8136","0,1091","0,3056","0,4333"
359,"0,2768","0,8135","0,1091","0,3059","0,4331"
360,"0,2766","0,814","0,1091","0,3058","0,433"
361,"0,2764","0,8136","0,109","0,3059","0,4328"
362,"0,276","0,8136","0,1088","0,3055","0,4328"
363,"0,276","0,8135","0,1089","0,3055","0,4327"
364,"0,2755","0,8134","0,1087","0,3054","0,4328"
365,"0,2756","0,8132","0,1087","0,3056","0,4325"
366,"0,2755","0,8132","0,1087","0,3057","0,4324"
367,"0,2756","0,8129","0,1088","0,3055","0,4324"
368,"0,2754","0,8132","0,1087","0,3056","0,4324"
369,"0,2753","0,8132","0,1087","0,3057","0,4324"
370,"0,2749","0,8137","0,1085","0,3053","0,4326"
371,"0,2751","0,8132","0,1086","0,3053","0,4325"
372,"0,2753","0,8128","0,1087","0,3056","0,4324"
373,"0,2745","0,8129","0,1084","0,3053","0,4327"
374,"0,2746","0,8133","0,1084","0,3053","0,4327"
375,"0,2749","0,8131","0,1086","0,3056","0,4325"
376,"0,2741","0,8128","0,1083","0,3054","0,4326"
377,"0,2741","0,8129","0,1083","0,3051","0,4326"
378,"0,274","0,813","0,1082","0,3053","0,4327"
379,"0,2741","0,8136","0,1083","0,3052","0,4326"
380,"0,2742","0,8133","0,1084","0,3057","0,4325"
381,"0,274","0,8132","0,1083","0,3053","0,4327"
382,"0,2735","0,8136","0,1081","0,3053","0,4329"
383,"0,2738","0,813","0,1083","0,3053","0,4328"
384,"0,2736","0,8134","0,1082","0,3051","0,4329"
385,"0,2734","0,813","0,1081","0,3053","0,4327"
386,"0,2735","0,8134","0,1082","0,3053","0,4326"
387,"0,2734","0,8139","0,1081","0,3053","0,4327"
388,"0,2731","0,8135","0,108","0,3051","0,4328"
389,"0,2732","0,814","0,108","0,305","0,4328"
390,"0,2733","0,8137","0,1081","0,3055","0,4327"
391,"0,273","0,8141","0,108","0,305","0,4328"
392,"0,2726","0,8143","0,1079","0,3054","0,4328"
393,"0,2727","0,8137","0,1079","0,3052","0,4327"
394,"0,2725","0,8138","0,1078","0,3051","0,4328"
395,"0,2724","0,8143","0,1078","0,3049","0,433"
396,"0,2727","0,8138","0,108","0,3053","0,4327"
397,"0,2726","0,814","0,1079","0,3049","0,4329"
398,"0,2723","0,8145","0,1077","0,3048","0,4333"
399,"0,2722","0,8145","0,1078","0,3054","0,4332"
400,"0,2722","0,814","0,1078","0,3053","0,4329"
401,"0,2723","0,8141","0,1078","0,3052","0,4329"
402,"0,2723","0,814","0,1078","0,3052","0,4331"
403,"0,2722","0,8142","0,1078","0,3051","0,4332"
404,"0,2717","0,8147","0,1076","0,3049","0,4334"
405,"0,272","0,8152","0,1077","0,3053","0,4332"
406,"0,2715","0,8149","0,1075","0,305","0,4335"
407,"0,2715","0,815","0,1076","0,305","0,4334"
408,"0,2718","0,8147","0,1077","0,3051","0,4335"
409,"0,271","0,8158","0,1074","0,3049","0,4339"
410,"0,2713","0,8164","0,1075","0,3051","0,4341"
411,"0,2707","0,8176","0,107","0,3056","0,4356"
412,"0,2676","0,8197","0,1058","0,3046","0,4378"
413,"0,265","0,8198","0,1052","0,3032","0,4378"
414,"0,264","0,8193","0,1049","0,3031","0,4378"
415,"0,2636","0,8197","0,1048","0,3026","0,4377"
416,"0,263","0,8198","0,1045","0,3021","0,438"
417,"0,2625","0,82","0,1043","0,3017","0,4379"
418,"0,2624","0,8197","0,1043","0,3016","0,4378"
419,"0,262","0,8197","0,1041","0,3011","0,4379"
420,"0,2619","0,8198","0,1041","0,301","0,4379"
421,"0,2617","0,8199","0,104","0,3008","0,4382"
422,"0,2616","0,8207","0,1041","0,3009","0,4383"
423,"0,2609","0,8209","0,1038","0,3007","0,4385"
424,"0,2607","0,8217","0,1038","0,3007","0,4385"
425,"0,2601","0,8222","0,1036","0,3009","0,4387"
426,"0,2594","0,8222","0,1035","0,3009","0,4389"
427,"0,2597","0,8221","0,1036","0,3013","0,4386"
428,"0,2592","0,8222","0,1034","0,3008","0,4388"
429,"0,2587","0,8225","0,1032","0,3006","0,4389"
430,"0,2588","0,8225","0,1033","0,3011","0,439"
431,"0,2588","0,8225","0,1032","0,3008","0,4389"
432,"0,2587","0,8221","0,1032","0,3012","0,4387"
433,"0,2581","0,8224","0,103","0,3004","0,4389"
434,"0,2582","0,8221","0,103","0,3005","0,439"
435,"0,2575","0,8228","0,1028","0,3003","0,4392"
436,"0,2579","0,822","0,1029","0,3009","0,439"
437,"0,2577","0,8222","0,1029","0,3008","0,439"
438,"0,2579","0,8218","0,1029","0,3004","0,4389"
439,"0,2575","0,8218","0,1028","0,3005","0,439"
440,"0,2575","0,8223","0,1029","0,3008","0,439"
441,"0,2572","0,8232","0,1027","0,3002","0,4393"
442,"0,2573","0,8224","0,1028","0,3003","0,4393"
443,"0,2574","0,8221","0,1028","0,3004","0,4391"
444,"0,2567","0,8231","0,1025","0,2999","0,4396"
445,"0,2568","0,8232","0,1025","0,2998","0,4395"
446,"0,2571","0,8231","0,1027","0,3001","0,4393"
447,"0,2562","0,8237","0,1023","0,2999","0,4396"
448,"0,2562","0,8236","0,1023","0,2996","0,4395"
449,"0,2562","0,8234","0,1024","0,3001","0,4395"
450,"0,2563","0,8238","0,1025","0,3002","0,4395"
451,"0,2565","0,8233","0,1026","0,3006","0,4393"
452,"0,2564","0,824","0,1025","0,3003","0,4396"
453,"0,256","0,8246","0,1023","0,3","0,4399"
454,"0,2562","0,8244","0,1024","0,3005","0,4401"
455,"0,2561","0,8252","0,1024","0,3002","0,4407"
456,"0,2557","0,8255","0,1022","0,2999","0,4412"
457,"0,2557","0,8276","0,1022","0,2999","0,4417"
458,"0,2545","0,8319","0,1016","0,2993","0,4453"
459,"0,2522","0,8379","0,1004","0,2973","0,451"
460,"0,2494","0,8432","0,0991","0,2943","0,4552"
461,"0,2462","0,8491","0,0971","0,292","0,4626"
462,"0,2403","0,8547","0,0944","0,2867","0,4674"
463,"0,2328","0,8591","0,0911","0,281","0,4707"
464,"0,2264","0,8631","0,0887","0,2767","0,4737"
465,"0,2211","0,8648","0,0866","0,2734","0,4759"
466,"0,2167","0,8663","0,085","0,2699","0,4774"
467,"0,2131","0,8676","0,0836","0,2682","0,4784"
468,"0,2098","0,869","0,0824","0,266","0,4794"
469,"0,2068","0,8709","0,0812","0,2641","0,4805"
470,"0,2036","0,8727","0,08","0,2627","0,4813"
471,"0,2019","0,8731","0,0796","0,2622","0,4818"
472,"0,1991","0,8747","0,0788","0,2613","0,4822"
473,"0,1962","0,8766","0,0778","0,2594","0,483"
474,"0,1944","0,8763","0,0772","0,2584","0,4828"
475,"0,1927","0,8766","0,0767","0,258","0,4831"
476,"0,1913","0,8775","0,0764","0,2583","0,4833"
477,"0,1897","0,8778","0,0758","0,2569","0,4834"
478,"0,1888","0,8777","0,0755","0,2564","0,4833"
479,"0,1882","0,8777","0,0753","0,2565","0,4835"
480,"0,1869","0,8788","0,0748","0,2562","0,4839"
481,"0,1861","0,8787","0,0747","0,2564","0,4839"
482,"0,1854","0,8794","0,0745","0,2558","0,4838"
483,"0,1842","0,8801","0,074","0,2549","0,4842"
484,"0,184","0,8796","0,074","0,2553","0,4841"
485,"0,183","0,8802","0,0736","0,2543","0,4842"
486,"0,1825","0,8801","0,0735","0,2542","0,4842"
487,"0,1814","0,8804","0,0731","0,2537","0,4844"
488,"0,1807","0,8812","0,0728","0,2532","0,4844"
489,"0,1804","0,881","0,0727","0,2533","0,4844"
490,"0,1796","0,8819","0,0725","0,253","0,4845"
491,"0,1788","0,8826","0,0721","0,2523","0,4847"
492,"0,1784","0,8825","0,072","0,252","0,4846"
493,"0,1778","0,8831","0,0717","0,2518","0,4846"
494,"0,1775","0,8828","0,0716","0,2518","0,4846"
495,"0,1771","0,883","0,0715","0,2514","0,4847"
496,"0,1766","0,8834","0,0713","0,2511","0,4848"
497,"0,1759","0,8835","0,0711","0,2506","0,4849"
498,"0,1755","0,8836","0,0709","0,2509","0,4849"
499,"0,175","0,8837","0,0707","0,2502","0,4849"
500,"0,1744","0,8841","0,0704","0,249","0,485"
501,"0,1746","0,8837","0,0706","0,2497","0,4848"
502,"0,1739","0,8841","0,0702","0,2489","0,485"
503,"0,1736","0,8842","0,0701","0,2488","0,4849"
504,"0,173","0,8851","0,0698","0,248","0,485"
505,"0,173","0,8846","0,0699","0,2483","0,4849"
506,"0,1721","0,8853","0,0696","0,2477","0,4852"
507,"0,1724","0,8846","0,0697","0,2478","0,4848"
508,"0,1721","0,8849","0,0695","0,2475","0,4848"
509,"0,1722","0,8844","0,0696","0,2477","0,4846"
510,"0,1719","0,8845","0,0694","0,2472","0,4847"
511,"0,1717","0,8849","0,0694","0,2472","0,4845"
512,"0,1715","0,8848","0,0693","0,2469","0,4845"
513,"0,1715","0,8845","0,0693","0,2471","0,4845"
514,"0,1711","0,8846","0,0692","0,2471","0,4844"
515,"0,1703","0,885","0,0689","0,2465","0,4848"
516,"0,1706","0,8848","0,0689","0,2462","0,4844"
517,"0,1709","0,8847","0,0691","0,2466","0,4842"
518,"0,1702","0,8846","0,0687","0,2462","0,4843"
519,"0,1706","0,8846","0,0689","0,246","0,4841"
520,"0,17","0,8847","0,0686","0,2456","0,4843"
521,"0,1699","0,8848","0,0686","0,2454","0,4842"
522,"0,17","0,8848","0,0686","0,2458","0,484"
523,"0,17","0,8849","0,0686","0,2456","0,484"
524,"0,1694","0,8852","0,0684","0,245","0,4842"
525,"0,1695","0,885","0,0684","0,2448","0,484"
526,"0,1696","0,885","0,0684","0,2447","0,4838"
527,"0,1694","0,8847","0,0683","0,2449","0,4838"
528,"0,1691","0,885","0,0682","0,2445","0,4839"
529,"0,1691","0,8849","0,0682","0,2444","0,4838"
530,"0,1686","0,8852","0,068","0,2442","0,484"
531,"0,169","0,8848","0,0682","0,2444","0,4837"
532,"0,1696","0,8846","0,0686","0,246","0,4838"
533,"0,1689","0,8848","0,0681","0,2445","0,4838"
534,"0,1685","0,885","0,068","0,2444","0,4838"
535,"0,1685","0,8851","0,068","0,244","0,4837"
536,"0,1684","0,8851","0,068","0,2441","0,4838"
537,"0,1684","0,885","0,068","0,2439","0,4836"
538,"0,1684","0,8849","0,0679","0,2436","0,4834"
539,"0,1684","0,8848","0,0679","0,2433","0,4833"
540,"0,1677","0,8852","0,0676","0,2426","0,4836"
541,"0,1677","0,8853","0,0675","0,2428","0,4835"
542,"0,1683","0,8848","0,0678","0,2435","0,4832"
543,"0,1682","0,8846","0,0677","0,2431","0,4832"
544,"0,1675","0,885","0,0675","0,2429","0,4835"
545,"0,168","0,8847","0,0676","0,2433","0,4834"
546,"0,1677","0,8848","0,0676","0,2428","0,4833"
547,"0,1676","0,8847","0,0675","0,243","0,4832"
548,"0,1671","0,8851","0,0673","0,2423","0,4833"
549,"0,1672","0,8849","0,0674","0,2423","0,4831"
550,"0,1675","0,8845","0,0675","0,2426","0,483"
551,"0,1671","0,8849","0,0673","0,2422","0,4831"
552,"0,1672","0,8846","0,0674","0,2425","0,483"
553,"0,1673","0,8847","0,0674","0,2426","0,4829"
554,"0,1668","0,8853","0,0672","0,2419","0,4831"
555,"0,1673","0,8847","0,0674","0,2424","0,4828"
556,"0,1669","0,885","0,0672","0,2421","0,4829"
557,"0,1671","0,8848","0,0673","0,2421","0,4828"
558,"0,1669","0,885","0,0672","0,2419","0,4829"
559,"0,1668","0,8848","0,0672","0,2418","0,4828"
560,"0,167","0,8848","0,0672","0,2421","0,4827"
561,"0,1669","0,8851","0,0672","0,2417","0,4827"
562,"0,1665","0,8851","0,0671","0,2418","0,4828"
563,"0,1665","0,8847","0,0671","0,2418","0,4828"
564,"0,1665","0,8848","0,0671","0,2418","0,4828"
565,"0,1663","0,8849","0,067","0,2422","0,4828"
566,"0,1665","0,8849","0,0672","0,2426","0,4828"
567,"0,1665","0,8849","0,0672","0,2427","0,4829"
568,"0,1661","0,8849","0,067","0,2415","0,4828"
569,"0,1663","0,8846","0,067","0,2416","0,4826"
570,"0,1663","0,8846","0,067","0,2416","0,4825"
571,"0,1659","0,885","0,0668","0,2409","0,4827"
572,"0,1665","0,8844","0,0671","0,2419","0,4824"
573,"0,1661","0,8847","0,0669","0,2415","0,4826"
574,"0,1661","0,8846","0,0669","0,2414","0,4825"
575,"0,1658","0,8851","0,0668","0,2409","0,4826"
576,"0,166","0,8847","0,0669","0,241","0,4825"
577,"0,1654","0,8851","0,0666","0,2406","0,4827"
578,"0,1659","0,8848","0,0668","0,2412","0,4825"
579,"0,1657","0,8849","0,0668","0,2411","0,4825"
580,"0,1663","0,8846","0,067","0,2417","0,4823"
581,"0,1661","0,8849","0,0669","0,2415","0,4825"
582,"0,166","0,8848","0,0669","0,2415","0,4823"
583,"0,1658","0,8849","0,0668","0,2411","0,4824"
584,"0,1659","0,8847","0,0669","0,2412","0,4824"
585,"0,1656","0,8846","0,0668","0,2411","0,4824"
586,"0,1649","0,8855","0,0665","0,2404","0,4827"
587,"0,1655","0,8851","0,0667","0,2406","0,4824"
588,"0,1659","0,8849","0,0669","0,2411","0,4822"
589,"0,1653","0,8847","0,0666","0,2411","0,4824"
590,"0,1661","0,8842","0,067","0,2418","0,4823"
591,"0,1655","0,8848","0,0669","0,2423","0,4826"
592,"0,1655","0,8852","0,0668","0,2415","0,4824"
593,"0,1656","0,8849","0,0668","0,2415","0,4823"
594,"0,1656","0,8847","0,0668","0,2412","0,4823"
595,"0,1651","0,8851","0,0666","0,2407","0,4824"
596,"0,1654","0,8848","0,0667","0,241","0,4822"
597,"0,166","0,8849","0,0669","0,2416","0,4822"
598,"0,1655","0,8851","0,0668","0,2414","0,4823"
599,"0,1653","0,885","0,0667","0,2408","0,4823"
600,"0,1653","0,885","0,0666","0,2408","0,4823"
601,"0,1649","0,8852","0,0665","0,2404","0,4825"
602,"0,1652","0,885","0,0666","0,2405","0,4823"
603,"0,1655","0,8847","0,0668","0,2412","0,4821"
604,"0,1654","0,8851","0,0666","0,2405","0,4823"
605,"0,1651","0,8851","0,0665","0,2406","0,4823"
606,"0,165","0,8851","0,0665","0,2406","0,4823"
607,"0,1651","0,8851","0,0665","0,2406","0,4824"
608,"0,1652","0,8849","0,0666","0,2406","0,4823"
609,"0,1652","0,8848","0,0667","0,2411","0,4824"
610,"0,1654","0,8845","0,0667","0,2408","0,4823"
611,"0,1647","0,8852","0,0665","0,2404","0,4826"
612,"0,1647","0,8855","0,0665","0,2415","0,4827"
613,"0,1653","0,8849","0,0669","0,2425","0,4823"
614,"0,1657","0,8847","0,0672","0,244","0,4828"
615,"0,1649","0,8853","0,0669","0,2431","0,4829"
616,"0,1652","0,8854","0,0669","0,2426","0,4826"
617,"0,1651","0,8855","0,0669","0,2426","0,4828"
618,"0,165","0,8852","0,0667","0,2419","0,4827"
619,"0,1645","0,8856","0,0665","0,2411","0,4828"
620,"0,1647","0,8853","0,0666","0,2411","0,4827"
621,"0,1651","0,8849","0,0667","0,2412","0,4824"
622,"0,1647","0,8852","0,0665","0,2409","0,4827"
623,"0,1648","0,885","0,0666","0,2412","0,4826"
624,"0,1651","0,8849","0,0666","0,2411","0,4826"
625,"0,1645","0,8855","0,0665","0,2407","0,4827"
626,"0,165","0,8849","0,0667","0,2412","0,4825"
627,"0,1647","0,8852","0,0665","0,241","0,4826"
628,"0,1651","0,885","0,0667","0,2412","0,4825"
629,"0,1647","0,8851","0,0665","0,2409","0,4827"
630,"0,1647","0,885","0,0665","0,2409","0,4827"
631,"0,1649","0,885","0,0666","0,241","0,4826"
632,"0,1647","0,8853","0,0665","0,2407","0,4826"
633,"0,1645","0,8852","0,0664","0,2406","0,4827"
634,"0,1646","0,885","0,0665","0,2406","0,4827"
635,"0,1646","0,8852","0,0665","0,2406","0,4827"
636,"0,1645","0,8849","0,0664","0,2408","0,4827"
637,"0,1646","0,8851","0,0665","0,2408","0,4827"
638,"0,1647","0,885","0,0665","0,2407","0,4827"
639,"0,1644","0,8851","0,0665","0,2407","0,4828"
640,"0,1646","0,8849","0,0665","0,2411","0,4827"
641,"0,1651","0,885","0,0666","0,2416","0,4828"
642,"0,1645","0,8856","0,0665","0,2413","0,483"
643,"0,1653","0,8852","0,067","0,2433","0,4828"
644,"0,1647","0,8854","0,0667","0,2421","0,4832"
645,"0,1647","0,8853","0,0666","0,2418","0,483"
646,"0,1644","0,8859","0,0667","0,2424","0,4832"
647,"0,1645","0,8853","0,0666","0,2414","0,4829"
648,"0,1639","0,8858","0,0663","0,2408","0,4833"
649,"0,1645","0,8854","0,0667","0,2423","0,483"
650,"0,1642","0,8855","0,0665","0,2414","0,483"
651,"0,1646","0,885","0,0666","0,2414","0,4828"
652,"0,1644","0,8852","0,0665","0,2413","0,4829"
653,"0,1644","0,8852","0,0666","0,2415","0,4829"
654,"0,1643","0,8853","0,0665","0,2412","0,483"
655,"0,1644","0,8852","0,0665","0,2412","0,4829"
656,"0,1642","0,8852","0,0665","0,2412","0,483"
657,"0,1636","0,8859","0,0662","0,2405","0,4834"
658,"0,164","0,8854","0,0664","0,2407","0,4831"
659,"0,1645","0,8852","0,0666","0,2413","0,4829"
660,"0,164","0,8852","0,0663","0,2411","0,4831"
661,"0,1643","0,8851","0,0665","0,2411","0,483"
662,"0,1639","0,8853","0,0663","0,2409","0,4832"
663,"0,164","0,8857","0,0664","0,2409","0,4832"
664,"0,1642","0,8856","0,0665","0,2419","0,4832"
665,"0,1642","0,8853","0,0665","0,2412","0,4832"
666,"0,1638","0,8857","0,0663","0,2408","0,4834"
667,"0,1641","0,8853","0,0664","0,2409","0,4832"
668,"0,1642","0,8856","0,0664","0,2409","0,4831"
669,"0,1641","0,8855","0,0664","0,2411","0,4832"
670,"0,164","0,8856","0,0664","0,241","0,4832"
671,"0,1641","0,8855","0,0664","0,241","0,4832"
672,"0,1637","0,8858","0,0662","0,2406","0,4834"
673,"0,1639","0,8855","0,0663","0,2408","0,4833"
674,"0,1643","0,8852","0,0665","0,2415","0,4831"
675,"0,1641","0,8854","0,0664","0,241","0,4833"
676,"0,164","0,8855","0,0664","0,2418","0,4833"
677,"0,1639","0,8855","0,0664","0,2415","0,4834"
678,"0,1639","0,8856","0,0663","0,2411","0,4835"
679,"0,1641","0,8856","0,0665","0,2415","0,4834"
680,"0,1642","0,8854","0,0665","0,2418","0,4835"
681,"0,1642","0,8852","0,0665","0,2414","0,4834"
682,"0,1636","0,8858","0,0663","0,2408","0,4837"
683,"0,1635","0,8859","0,0662","0,2411","0,4837"
684,"0,1642","0,8853","0,0665","0,2417","0,4834"
685,"0,1641","0,8853","0,0665","0,2414","0,4834"
686,"0,1636","0,8856","0,0662","0,2409","0,4837"
687,"0,1638","0,8855","0,0663","0,2411","0,4835"
688,"0,1638","0,8855","0,0664","0,2412","0,4836"
689,"0,1645","0,8854","0,0664","0,2416","0,4836"
690,"0,1641","0,8859","0,0662","0,241","0,4838"
691,"0,1643","0,8855","0,0664","0,2416","0,4837"
692,"0,1641","0,8855","0,0668","0,2438","0,484"
693,"0,1636","0,8857","0,0664","0,2419","0,484"
694,"0,1637","0,8855","0,0664","0,2416","0,4839"
695,"0,1639","0,8856","0,0664","0,2413","0,4839"
696,"0,1634","0,8861","0,0662","0,2409","0,4841"
697,"0,1639","0,8855","0,0664","0,2414","0,4838"
698,"0,1636","0,8858","0,0663","0,2411","0,484"
699,"0,1639","0,8854","0,0664","0,2412","0,4839"
700,"0,1636","0,8857","0,0663","0,241","0,484"
701,"0,1636","0,8857","0,0663","0,2412","0,484"
702,"0,1638","0,8855","0,0664","0,2413","0,4839"
703,"0,1637","0,8857","0,0663","0,241","0,4841"
704,"0,1635","0,8859","0,0662","0,2409","0,4842"
705,"0,1635","0,8856","0,0663","0,2411","0,484"
706,"0,164","0,8857","0,0664","0,2422","0,4844"
707,"0,1635","0,8856","0,0663","0,2418","0,4844"
708,"0,1636","0,8857","0,0663","0,2415","0,4843"
709,"0,1637","0,8858","0,0664","0,2415","0,4842"
710,"0,1635","0,8859","0,0664","0,2419","0,4844"
711,"0,1637","0,8853","0,0664","0,242","0,4843"
712,"0,1637","0,8854","0,0664","0,2418","0,4843"
713,"0,1633","0,886","0,0662","0,2412","0,4844"
714,"0,1642","0,8851","0,0666","0,2425","0,4842"
715,"0,1636","0,8855","0,0664","0,2422","0,4844"
716,"0,1636","0,8855","0,0664","0,2421","0,4844"
717,"0,1633","0,886","0,0663","0,2416","0,4847"
718,"0,1636","0,8855","0,0665","0,2423","0,4847"
719,"0,1631","0,8861","0,0663","0,2424","0,485"
720,"0,1635","0,8856","0,0664","0,2424","0,4847"
721,"0,1633","0,8857","0,0663","0,242","0,4847"
722,"0,1637","0,8852","0,0665","0,2424","0,4846"
723,"0,1636","0,8855","0,0665","0,2428","0,4848"
724,"0,1639","0,8859","0,0676","0,2496","0,4858"
725,"0,1638","0,8859","0,0677","0,2499","0,4863"
726,"0,1642","0,8863","0,0675","0,2489","0,4867"
727,"0,1636","0,8862","0,0673","0,2485","0,4866"
728,"0,1628","0,887","0,0669","0,2474","0,4868"
729,"0,1632","0,8865","0,067","0,2472","0,4864"
730,"0,164","0,886","0,0673","0,2476","0,4862"
731,"0,1632","0,8861","0,067","0,2473","0,4863"
732,"0,1635","0,8858","0,0672","0,2476","0,4861"
733,"0,1631","0,8861","0,0668","0,2458","0,4863"
734,"0,1631","0,8863","0,0668","0,2454","0,4862"
735,"0,1633","0,886","0,0668","0,2453","0,4859"
736,"0,1633","0,8859","0,0668","0,2451","0,4859"
737,"0,1628","0,8864","0,0666","0,2446","0,4861"
738,"0,1632","0,8859","0,0667","0,2448","0,486"
739,"0,1633","0,8861","0,0667","0,2444","0,4859"
740,"0,1632","0,886","0,0667","0,2444","0,4859"
741,"0,163","0,8861","0,0666","0,2441","0,4858"
742,"0,1631","0,8861","0,0666","0,2439","0,4859"
743,"0,1627","0,8864","0,0664","0,2434","0,486"
744,"0,1631","0,8862","0,0665","0,2436","0,4858"
745,"0,1634","0,886","0,0666","0,2442","0,4857"
746,"0,1632","0,8863","0,0665","0,2435","0,4858"
747,"0,1629","0,8864","0,0664","0,2434","0,4858"
748,"0,1629","0,8864","0,0664","0,2434","0,4858"
749,"0,1629","0,8864","0,0664","0,2432","0,4859"
750,"0,1631","0,8863","0,0665","0,2432","0,4858"
751,"0,1632","0,8862","0,0665","0,2434","0,4858"
752,"0,1633","0,8859","0,0665","0,2432","0,4857"
753,"0,1626","0,8865","0,0663","0,2427","0,4861"
754,"0,1626","0,8866","0,0662","0,2428","0,486"
755,"0,1633","0,886","0,0665","0,2435","0,4857"
756,"0,1633","0,886","0,0665","0,2433","0,4858"
757,"0,1627","0,8864","0,0663","0,2428","0,4861"
758,"0,163","0,8863","0,0664","0,243","0,4859"
759,"0,163","0,8862","0,0665","0,2433","0,4861"
760,"0,163","0,8862","0,0664","0,2432","0,4861"
761,"0,1626","0,8867","0,0662","0,2428","0,4863"
762,"0,1627","0,8869","0,0664","0,2438","0,4866"
763,"0,1631","0,8865","0,0665","0,2435","0,4863"
764,"0,1627","0,8866","0,0663","0,243","0,4864"
765,"0,1629","0,8865","0,0664","0,2432","0,4863"
766,"0,163","0,8862","0,0664","0,2431","0,4863"
767,"0,1625","0,8867","0,0662","0,2429","0,4866"
768,"0,1631","0,8862","0,0664","0,2433","0,4864"
769,"0,1628","0,8866","0,0663","0,2428","0,4865"
770,"0,1631","0,8861","0,0664","0,243","0,4864"
771,"0,1627","0,8866","0,0663","0,2426","0,4866"
772,"0,1628","0,8864","0,0665","0,2441","0,4871"
773,"0,1629","0,8864","0,0666","0,2447","0,4872"
774,"0,1627","0,887","0,0664","0,2438","0,4874"
775,"0,1624","0,8877","0,0665","0,2455","0,4882"
776,"0,1643","0,8878","0,0681","0,2537","0,4908"
777,"0,1636","0,8881","0,068","0,2533","0,4916"
778,"0,1623","0,8883","0,0675","0,2523","0,4915"
779,"0,162","0,8884","0,0674","0,2525","0,4919"
780,"0,1618","0,8888","0,0673","0,2521","0,492"
781,"0,1613","0,8887","0,0672","0,2519","0,4921"
782,"0,1615","0,8886","0,0671","0,2515","0,4921"
783,"0,1615","0,8888","0,067","0,2507","0,492"
784,"0,1607","0,8896","0,0668","0,2503","0,4925"
785,"0,1612","0,8896","0,0671","0,2519","0,4927"
786,"0,1606","0,8906","0,0668","0,2514","0,4938"
787,"0,1601","0,891","0,0667","0,2522","0,4948"
788,"0,1594","0,8923","0,0666","0,2525","0,4964"
789,"0,1585","0,8937","0,0662","0,2513","0,4996"
790,"0,1564","0,8958","0,0651","0,2501","0,5025"
791,"0,1551","0,8962","0,0643","0,2466","0,5036"
792,"0,1545","0,8966","0,0639","0,2454","0,5037"
793,"0,153","0,8981","0,0632","0,2438","0,5055"
794,"0,1514","0,8993","0,0625","0,2424","0,5075"
795,"0,1497","0,9008","0,062","0,2429","0,5093"
796,"0,1475","0,9039","0,061","0,2417","0,5119"
797,"0,1455","0,9051","0,06","0,2389","0,5139"
798,"0,1428","0,9074","0,0589","0,2366","0,5158"
799,"0,1393","0,91","0,0571","0,2314","0,5176"
800,"0,1363","0,9144","0,0555","0,2257","0,5208"
801,"0,1317","0,9167","0,0535","0,2214","0,5224"
802,"0,1275","0,919","0,0516","0,2168","0,5244"
803,"0,124","0,9208","0,0502","0,2127","0,5253"
804,"0,1206","0,9235","0,0489","0,2095","0,5268"
805,"0,1171","0,9257","0,0477","0,2058","0,5275"
806,"0,1151","0,9273","0,0467","0,2037","0,5285"
807,"0,1127","0,9286","0,046","0,202","0,5292"
808,"0,1101","0,9294","0,045","0,1992","0,5296"
809,"0,108","0,9308","0,0445","0,1988","0,5306"
810,"0,1061","0,9318","0,044","0,1976","0,531"
811,"0,1047","0,9321","0,0435","0,1965","0,5313"
812,"0,1031","0,9329","0,043","0,1953","0,5317"
813,"0,102","0,9333","0,0426","0,1947","0,5318"
814,"0,1006","0,934","0,0421","0,1928","0,5319"
815,"0,0999","0,9342","0,0419","0,1926","0,5321"
816,"0,0992","0,9345","0,0416","0,1924","0,5321"
817,"0,0981","0,9349","0,0412","0,191","0,5322"
818,"0,0972","0,9351","0,0409","0,1902","0,5323"
819,"0,0966","0,9351","0,0407","0,1897","0,5323"
820,"0,0959","0,9357","0,0404","0,1886","0,5324"
821,"0,0958","0,9357","0,0402","0,188","0,5323"
822,"0,0951","0,9363","0,04","0,1876","0,5324"
823,"0,0944","0,9366","0,0398","0,1864","0,5327"
824,"0,0934","0,9372","0,0394","0,1852","0,5328"
825,"0,0928","0,9375","0,039","0,1845","0,5328"
826,"0,0922","0,9375","0,0388","0,184","0,533"
827,"0,0917","0,9377","0,0386","0,1826","0,5331"
828,"0,0911","0,9378","0,0382","0,1812","0,533"
829,"0,0911","0,9376","0,0381","0,1806","0,5328"
830,"0,0909","0,9377","0,038","0,1797","0,5327"
831,"0,0907","0,9378","0,0378","0,1796","0,5325"
832,"0,0905","0,9377","0,0377","0,1788","0,5324"
833,"0,0903","0,938","0,0376","0,1789","0,5324"
834,"0,0904","0,9378","0,0375","0,1782","0,5323"
835,"0,0904","0,9375","0,0374","0,1782","0,5321"
836,"0,0901","0,9379","0,0372","0,1774","0,5322"
837,"0,0903","0,9374","0,0374","0,1779","0,5323"
838,"0,0897","0,9379","0,0371","0,1766","0,5322"
839,"0,0896","0,9379","0,037","0,1764","0,5321"
840,"0,0897","0,9379","0,037","0,1763","0,5319"
841,"0,0894","0,938","0,0368","0,1758","0,532"
842,"0,0897","0,9376","0,0369","0,176","0,5317"
843,"0,0894","0,938","0,0367","0,175","0,5317"
844,"0,0894","0,9382","0,0367","0,1756","0,5317"
845,"0,0893","0,938","0,0366","0,1749","0,5316"
846,"0,0889","0,9383","0,0364","0,1743","0,5317"
847,"0,089","0,9382","0,0365","0,1744","0,5316"
848,"0,0891","0,938","0,0364","0,1743","0,5315"
849,"0,0892","0,9377","0,0364","0,1745","0,5314"
850,"0,089","0,9379","0,0364","0,1745","0,5313"
851,"0,0887","0,9379","0,0362","0,1737","0,5314"
852,"0,088","0,9379","0,0361","0,1725","0,5316"
853,"0,0887","0,9377","0,0361","0,1732","0,5312"
854,"0,0887","0,9378","0,0362","0,1739","0,5311"
855,"0,0882","0,9381","0,036","0,1725","0,5313"
856,"0,0883","0,9377","0,036","0,1726","0,5312"
857,"0,0883","0,9376","0,0359","0,1721","0,5312"
858,"0,0882","0,9376","0,0358","0,1719","0,5311"
859,"0,0881","0,9377","0,0357","0,1715","0,531"
860,"0,0881","0,9378","0,0357","0,1714","0,531"
861,"0,0881","0,9378","0,0358","0,1723","0,531"
862,"0,0882","0,9379","0,0358","0,1722","0,531"
863,"0,0927","0,9376","0,037","0,1747","0,5314"
864,"0,0933","0,937","0,0375","0,176","0,5315"
865,"0,0896","0,9387","0,0367","0,1762","0,5321"
866,"0,0886","0,9384","0,0364","0,1755","0,5321"
867,"0,088","0,9388","0,036","0,1738","0,5321"
868,"0,0879","0,9385","0,036","0,1737","0,532"
869,"0,0873","0,9388","0,0357","0,1727","0,5321"
870,"0,0873","0,9388","0,0356","0,1724","0,532"
871,"0,0874","0,9386","0,0356","0,1724","0,5319"
872,"0,0874","0,9385","0,0355","0,1721","0,5317"
873,"0,0872","0,9385","0,0354","0,172","0,5317"
874,"0,0875","0,9385","0,0355","0,1718","0,5316"
875,"0,0873","0,9384","0,0354","0,1714","0,5317"
876,"0,087","0,9392","0,0353","0,1713","0,5318"
877,"0,0873","0,9389","0,0355","0,1726","0,5316"
878,"0,0868","0,9391","0,0352","0,171","0,5319"
879,"0,0869","0,9391","0,0353","0,1713","0,5318"
880,"0,0868","0,9391","0,0352","0,1713","0,5319"
881,"0,0868","0,939","0,0351","0,1703","0,5316"
882,"0,087","0,9389","0,0353","0,1716","0,5315"
883,"0,0864","0,9392","0,0349","0,17","0,5317"
884,"0,0865","0,939","0,035","0,17","0,5315"
885,"0,0864","0,9393","0,0349","0,1699","0,5315"
886,"0,0864","0,9392","0,0349","0,1699","0,5315"
887,"0,0866","0,9389","0,035","0,1699","0,5313"
888,"0,0866","0,9388","0,0349","0,1693","0,5313"
889,"0,0864","0,9391","0,0349","0,1693","0,5312"
890,"0,0865","0,9387","0,0349","0,1695","0,5312"
891,"0,0864","0,9388","0,0347","0,1687","0,5312"
892,"0,0865","0,9388","0,0349","0,1692","0,5311"
893,"0,0864","0,9387","0,0348","0,1688","0,5311"
894,"0,0863","0,9388","0,0347","0,1679","0,5311"
895,"0,0861","0,939","0,0346","0,1679","0,5312"
896,"0,0862","0,9389","0,0346","0,1682","0,5311"
897,"0,086","0,9389","0,0346","0,1681","0,5311"
898,"0,0861","0,9387","0,0346","0,168","0,531"
899,"0,0859","0,9387","0,0345","0,1678","0,5312"
900,"0,086","0,9388","0,0345","0,1677","0,5311"
901,"0,086","0,939","0,0345","0,1675","0,531"
902,"0,0861","0,9388","0,0345","0,1678","0,5309"
903,"0,086","0,939","0,0345","0,1676","0,531"
904,"0,0859","0,939","0,0345","0,1679","0,5309"
905,"0,086","0,9388","0,0345","0,1681","0,531"
906,"0,0861","0,9386","0,0345","0,1683","0,5308"
907,"0,0859","0,9391","0,0345","0,1682","0,5311"
908,"0,0859","0,9389","0,0345","0,1678","0,531"
909,"0,0856","0,9391","0,0344","0,1677","0,5311"
910,"0,0857","0,9392","0,0344","0,1684","0,5312"
911,"0,0865","0,9389","0,0347","0,1688","0,5311"
912,"0,0856","0,9393","0,0346","0,1688","0,5313"
913,"0,086","0,9392","0,0346","0,1682","0,531"
914,"0,0857","0,9392","0,0344","0,1677","0,5311"
915,"0,0857","0,9393","0,0344","0,1675","0,531"
916,"0,0858","0,9393","0,0344","0,1671","0,5309"
917,"0,0854","0,9394","0,0342","0,1666","0,531"
918,"0,0857","0,9391","0,0343","0,1668","0,5309"
919,"0,0857","0,9391","0,0343","0,1674","0,5309"
920,"0,0857","0,9389","0,0343","0,1675","0,5309"
921,"0,0857","0,9392","0,0344","0,168","0,5309"
922,"0,0855","0,9392","0,0342","0,1669","0,531"
923,"0,0847","0,9393","0,0341","0,1654","0,5313"
924,"0,0855","0,9391","0,0343","0,1672","0,5309"
925,"0,0855","0,9391","0,0344","0,1678","0,5309"
926,"0,085","0,9394","0,0341","0,1665","0,5311"
927,"0,0853","0,9396","0,0342","0,1668","0,531"
928,"0,0855","0,9393","0,0345","0,169","0,5313"
929,"0,0853","0,9394","0,0344","0,1689","0,5313"
930,"0,0852","0,9396","0,0341","0,1662","0,531"
931,"0,0852","0,9396","0,0341","0,166","0,531"
932,"0,0853","0,9394","0,0341","0,1666","0,531"
933,"0,0853","0,9394","0,0341","0,1668","0,531"
934,"0,0848","0,9396","0,034","0,1666","0,5311"
935,"0,0857","0,9393","0,0344","0,1676","0,5314"
936,"0,0859","0,9393","0,035","0,1703","0,5318"
937,"0,0856","0,9397","0,0351","0,1695","0,5323"
938,"0,0848","0,94","0,0349","0,1697","0,5326"
939,"0,0847","0,9396","0,0346","0,1684","0,5324"
940,"0,0842","0,9401","0,0344","0,1678","0,5326"
941,"0,0842","0,9401","0,0344","0,1683","0,5325"
942,"0,0843","0,9404","0,0345","0,168","0,5326"
943,"0,0841","0,9403","0,0344","0,1674","0,5325"
944,"0,084","0,94","0,0342","0,1672","0,5325"
945,"0,0842","0,9401","0,0343","0,168","0,5323"
946,"0,084","0,9399","0,034","0,1668","0,5323"
947,"0,0838","0,9403","0,0341","0,1674","0,5324"
948,"0,0842","0,9399","0,034","0,166","0,5319"
949,"0,0837","0,9402","0,034","0,1667","0,5323"
950,"0,0838","0,9403","0,034","0,1668","0,5321"
951,"0,0837","0,9402","0,0338","0,1656","0,5321"
952,"0,0838","0,9402","0,0338","0,1652","0,532"
953,"0,0839","0,9398","0,0338","0,1659","0,532"
954,"0,0834","0,9403","0,0338","0,1671","0,5324"
955,"0,0843","0,9405","0,0339","0,1656","0,5324"
956,"0,0837","0,9407","0,0342","0,1671","0,5327"
957,"0,0836","0,9402","0,0341","0,1668","0,5325"
958,"0,0838","0,9398","0,0338","0,1659","0,5323"
959,"0,0838","0,9398","0,0338","0,1655","0,5322"
960,"0,0836","0,9401","0,0337","0,166","0,5322"
961,"0,0836","0,9399","0,0336","0,165","0,5321"
962,"0,0836","0,9399","0,0336","0,165","0,5321"
963,"0,0838","0,9399","0,0337","0,1651","0,5319"
964,"0,0837","0,9399","0,0337","0,1652","0,532"
965,"0,0836","0,9399","0,0335","0,1645","0,532"
966,"0,0834","0,9401","0,0335","0,1642","0,5321"
967,"0,0835","0,94","0,0334","0,164","0,5319"
968,"0,0833","0,94","0,0333","0,1639","0,5319"
969,"0,0833","0,9399","0,0333","0,1634","0,5319"
970,"0,0832","0,9399","0,0332","0,1632","0,532"
971,"0,0835","0,9399","0,0333","0,1638","0,5319"
972,"0,0834","0,94","0,0334","0,1641","0,532"
973,"0,0834","0,94","0,0334","0,164","0,532"
974,"0,0835","0,9399","0,0337","0,1656","0,532"
975,"0,0834","0,9405","0,034","0,1676","0,5324"
976,"0,0834","0,9404","0,0336","0,165","0,5322"
977,"0,0836","0,9399","0,0337","0,1656","0,5321"
978,"0,0837","0,9405","0,0338","0,1677","0,5324"
979,"0,0837","0,9406","0,0343","0,1677","0,5326"
980,"0,0833","0,9409","0,0339","0,1657","0,5326"
981,"0,0831","0,9408","0,0337","0,1659","0,5327"
982,"0,0833","0,9406","0,0336","0,1653","0,5325"
983,"0,0829","0,9406","0,0334","0,1644","0,5326"
984,"0,0833","0,9403","0,0335","0,1643","0,5324"
985,"0,0832","0,9402","0,0334","0,1639","0,5323"
986,"0,0833","0,9402","0,0334","0,1641","0,5324"
987,"0,0833","0,9404","0,0334","0,1637","0,5323"
988,"0,083","0,9405","0,0332","0,1632","0,5324"
989,"0,0832","0,9402","0,0333","0,1634","0,5323"
990,"0,0833","0,9402","0,0333","0,1634","0,5322"
991,"0,0833","0,9399","0,0333","0,164","0,5323"
992,"0,0832","0,9401","0,0333","0,1635","0,5322"
993,"0,0831","0,9402","0,0332","0,163","0,5323"
994,"0,0826","0,9403","0,0331","0,1623","0,5325"
995,"0,0832","0,9399","0,0332","0,1623","0,5323"
996,"0,0833","0,9401","0,0334","0,1639","0,5322"
997,"0,0827","0,9405","0,033","0,1621","0,5325"
998,"0,083","0,9404","0,0331","0,1628","0,5323"
999,"0,0831","0,9402","0,0331","0,1627","0,5323"
